coordinate	score
hg38:chr9:134451847:T:C	-0.0013925342026821013
hg38:chr9:137884139:G:A	0.0006634713241688494
hg38:chr9:133570351:C:T	0.00020873648761790404
hg38:chr9:132136792:G:A	0.039636862594144374
hg38:chr9:136780273:T:G	-0.0002387325778285464
hg38:chr9:134139901:C:T	-0.0008801494337710669
hg38:chr9:136004819:A:C	-0.0004236988856151422
hg38:chr9:136438597:GCCCT:G	0.0008591241513269981
hg38:chr9:127788874:G:A	-0.000525164468006981
hg38:chr9:132321011:G:A	0.0011615393270046185
hg38:chr9:136515196:G:A	0.0006790518550617972
hg38:chr9:136866378:CG:C	0.00040084683843719375
hg38:chr9:128091804:G:C	0.00034116362163293383
hg38:chr9:134264896:T:C	-0.0006311716598636039
hg38:chr9:135748028:A:G	0.002130614139320975
hg38:chr9:134750632:A:G	-0.00014187225520952384
hg38:chr9:136608319:AGGAG:A	-0.001108836640863937
hg38:chr9:130217756:G:A	-4.6676862439810904e-05
hg38:chr9:133951372:G:C	-0.011752331966268202
hg38:chr9:133959420:C:A	-0.0011331323070269742
hg38:chr9:136250962:T:C	0.000877400513827206
hg38:chr9:136806656:A:C	-0.0004570932483113457
hg38:chr9:134459283:T:C	0.000919362703409498
hg38:chr9:134422274:C:A	-0.001403615226986763
hg38:chr9:128218866:T:A	0.00018059341956315223
hg38:chr9:130612895:T:A	0.0008268045085375045
hg38:chr9:129828411:C:CT	0.00022920419984021775
hg38:chr9:132129040:T:C	-0.0007553510135961478
hg38:chr9:133576519:T:G	0.002249446021427552
hg38:chr9:134087695:A:G	0.0002929605248420688
hg38:chr9:128121232:C:T	0.000790528075052337
hg38:chr9:135258611:A:G	0.0010602859528471569
hg38:chr9:130157329:G:A	8.20305835140227e-05
hg38:chr9:135287879:C:G	0.0017535773435732377
hg38:chr9:136207605:A:C	0.0019324077315546323
hg38:chr9:131587652:A:T	0.0013109451764303157
hg38:chr9:130914320:A:G	-0.0013129404985570785
hg38:chr9:129469289:C:A	0.0002704152332109629
hg38:chr9:134829853:GC:G	-0.06798005091912313
hg38:chr9:132244768:T:C	-0.00018021114509004924
hg38:chr9:134418543:C:A	0.02299408533252751
hg38:chr9:137114298:G:C	-0.0005100326104198236
hg38:chr9:137215822:T:C	0.0008171037775192019
hg38:chr9:133708705:A:G	-0.00036990113161814245
hg38:chr9:131039473:A:G	-0.000723423856725801
hg38:chr9:133126837:A:C	0.00165305106853054
hg38:chr9:129233989:T:C	-0.0010412304713872927
hg38:chr9:135695121:C:A	-0.0019820018511241015
hg38:chr9:135939515:C:T	-0.003194451583328607
hg38:chr9:131467551:T:C	-0.0005195723497823189
hg38:chr9:133997028:A:C	-0.0028404342802481842
hg38:chr9:129868385:TGAC:T	-0.0004213928272286271
hg38:chr9:130206355:G:A	0.0012038875949313367
hg38:chr9:136330047:C:T	0.000865952125543641
hg38:chr9:137156786:A:G	0.001235540650025819
hg38:chr9:136177060:C:A	0.0003321939053562095
hg38:chr9:129633037:C:T	-0.0009093656766608885
hg38:chr9:134937619:T:C	-0.0015194122488146405
hg38:chr9:130471533:A:G	-0.001453466348683111
hg38:chr9:136514440:C:T	-0.001242281170082902
hg38:chr9:128721272:T:A	0.0002285276808762585
hg38:chr9:131037025:A:G	-0.0013798814960457283
hg38:chr9:131511928:C:G	-0.000603061815171242
hg38:chr9:131659508:C:CA	0.001923395139217668
hg38:chr9:134059888:C:T	-0.0016078666502743338
hg38:chr9:136003873:A:G	0.000305100796843676
hg38:chr9:136003162:A:C	0.0021625779055268026
hg38:chr9:136030419:T:C	0.0012187112326133111
hg38:chr9:128222476:C:T	0.0053550616674056355
hg38:chr9:131299070:G:C	-0.0004123725478597772
hg38:chr9:130512694:T:C	-0.0024197735410118777
hg38:chr9:133412362:T:C	-0.003060945024861525
hg38:chr9:127868919:C:T	-0.0016027210160209809
hg38:chr9:134505315:C:A	0.0001508538787431758
hg38:chr9:128598471:C:T	0.0021897988020054705
hg38:chr9:130536096:A:T	-0.0002658816226064799
hg38:chr9:131670061:T:C	0.0008530321061218695
hg38:chr9:133572533:C:A	-0.013174823910828127
hg38:chr9:133585200:C:T	0.00037972298618336493
hg38:chr9:128584890:C:T	-0.0021567252137783205
hg38:chr9:128740161:G:C	-0.0008239424511888399
hg38:chr9:134493529:C:T	0.000621584281637208
hg38:chr9:136107559:C:T	0.0016694278461596044
hg38:chr9:134755489:G:A	0.00017736495634910747
hg38:chr9:136450914:G:A	0.00010555567388112027
hg38:chr9:136561901:G:A	0.0006252061291421287
hg38:chr9:136780381:C:G	0.0018130935701749901
hg38:chr9:133403828:G:T	8.650212545770952e-05
hg38:chr9:136969655:T:C	0.0004344140272399304
hg38:chr9:133596245:T:TGA	0.0006088596731505791
hg38:chr9:135483506:G:T	0.00015421870898689078
hg38:chr9:130110407:A:G	0.0015337863218691061
hg38:chr9:130268405:C:T	-0.0006802377304300543
hg38:chr9:129579012:A:C	-0.00022753964031981024
hg38:chr9:137834180:C:T	0.0018864193869687464
hg38:chr9:127988610:G:T	0.0006900034037666665
hg38:chr9:133775104:G:A	0.001875193167131125
hg38:chr9:135788065:C:G	-0.0006780335896868728
hg38:chr9:136247838:C:G	0.0003131995763186652
